id,name,title,year,venue,repo,paper,code,tasks,tags,summary,publication_status,verification,sources,checked_at,code_status,note
1d-fusion,1D-Fusion,From 2D Grids to 1D Tokens: Reforming Shared Representations for Multimodal Image Fusion,2026,ICML,,https://proceedings.mlr.press/v306/xian26b.html,,general,预训练Tokenizer; 一维表示,,正式发表,出版平台摘要与元数据已核对,https://proceedings.mlr.press/v306/xian26b.html,2026-10-09,未定位作者代码,分类依据摘要；不构成全文技术评审。
aptp-uptp,APTP / UPTP,Beyond Strict Pairing: Arbitrarily Paired Training for High-Performance Infrared and Visible Image Fusion,2026,CVPR,,https://openaccess.thecvf.com/content/CVPR2026/html/Deng_Beyond_Strict_Pairing_Arbitrarily_Paired_Training_for_High-Performance_Infrared_and_CVPR_2026_paper.html,,ivif,非配对训练; 数据效率,,正式发表,出版平台摘要与元数据已核对,https://openaccess.thecvf.com/content/CVPR2026/html/Deng_Beyond_Strict_Pairing_Arbitrarily_Paired_Training_for_High-Performance_Infrared_and_CVPR_2026_paper.html,2026-10-09,未定位作者代码,分类依据摘要；不构成全文技术评审。
cldyn,CLDyN,Customized Fusion: A Closed-Loop Dynamic Network for Adaptive Multi-Task-Aware Infrared-Visible Image Fusion,2026,CVPR,YR0211/CLDyN,https://openaccess.thecvf.com/content/CVPR2026/html/Yang_Customized_Fusion_A_Closed-Loop_Dynamic_Network_for_Adaptive_Multi-Task-Aware_Infrared-Visible_CVPR_2026_paper.html,https://github.com/YR0211/CLDyN,ivif,任务驱动; 闭环反馈,,正式发表,出版平台摘要与元数据已核对,https://openaccess.thecvf.com/content/CVPR2026/html/Yang_Customized_Fusion_A_Closed-Loop_Dynamic_Network_for_Adaptive_Multi-Task-Aware_Infrared-Visible_CVPR_2026_paper.html,2026-10-09,官方页面提供作者仓库，未运行,分类依据摘要；不构成全文技术评审。
decc,DECC,More Than Meets the Eye: A Unified Image Fusion Framework via Semantic-Pixel Entropy Trade-off for Zero-Shot Generalization,2026,CVPR,XiaoW-Liu/DECC,https://openaccess.thecvf.com/content/CVPR2026/html/Liu_More_Than_Meets_the_Eye_A_Unified_Image_Fusion_Framework_CVPR_2026_paper.html,https://github.com/XiaoW-Liu/DECC,general,通用融合; 语义像素权衡; 零样本,,正式发表,出版平台摘要与元数据已核对,https://openaccess.thecvf.com/content/CVPR2026/html/Liu_More_Than_Meets_the_Eye_A_Unified_Image_Fusion_Framework_CVPR_2026_paper.html,2026-10-09,官方页面提供作者仓库，未运行,分类依据摘要；不构成全文技术评审。
dpofusion,DPOFusion,Fusion in Your Way: Aligning Image Fusion with Heterogeneous Demands via Direct Preference Optimization,2026,CVPR,suweijian1996/DPOFusion,https://arxiv.org/abs/2605.06049,https://github.com/suweijian1996/DPOFusion,ivif,偏好优化; 可控融合,把不同融合偏好用于优化；核对偏好标注与跨需求泛化。,正式发表,作者出版信息已核对,https://github.com/suweijian1996/DPOFusion/blob/main/README.md; https://arxiv.org/abs/2605.06049,2026-10-09,仓库已定位，未运行,
dspfusion,DSPFusion,DSPFusion: Image Fusion via Degradation and Semantic Dual-Prior Guidance,2026,TIP,Linfeng-Tang/DSPFusion,https://doi.org/10.1109/TIP.2026.3700938,https://github.com/Linfeng-Tang/DSPFusion,ivif,语义先验; 退化鲁棒,同时利用退化与语义先验指导信息整合。,正式发表,作者出版信息已核对,https://github.com/Linfeng-Tang/DSPFusion/blob/main/README.md; https://doi.org/10.1109/TIP.2026.3700938,2026-10-09,仓库已定位，未运行,
evafusion,EVAFusion,Bridging Human Evaluation to Infrared and Visible Image Fusion,2026,CVPR,ALKA-Wind/EVAFusion,https://arxiv.org/abs/2603.03871,https://github.com/ALKA-Wind/EVAFusion,assessment; ivif,人类评价; 奖励学习,以人类评价数据训练奖励模型，再用于优化融合。,正式发表,作者出版信息已核对,https://github.com/ALKA-Wind/EVAFusion/blob/main/README.md; https://arxiv.org/abs/2603.03871,2026-10-09,仓库已定位，未运行,
evanet,EvaNet,EvaNet: Towards More Efficient and Consistent Infrared and Visible Image Fusion Assessment,2026,TPAMI,AWCXV/EvaNet,https://ieeexplore.ieee.org/document/11477151,https://github.com/AWCXV/EvaNet,assessment,学习型评价,研究融合质量评价的一致性与效率；不等同于生成融合图像的方法。,正式发表,作者出版信息已核对,https://github.com/AWCXV/EvaNet/blob/main/README.md; https://ieeexplore.ieee.org/document/11477151,2026-10-09,仓库已定位，未运行,
fusionregister,FusionRegister,FusionRegister: Every Infrared and Visible Image Fusion Deserves Registration,2026,CVPR,bociic/FusionRegister,https://arxiv.org/abs/2603.07667,https://github.com/bociic/FusionRegister,ivif,配准,研究融合结果与配准之间的耦合，适合真实错位输入。,正式发表,作者出版信息已核对,https://github.com/bociic/FusionRegister/blob/main/README.md; https://arxiv.org/abs/2603.07667,2026-10-09,仓库已定位，未运行,
grformer,GrFormer,GrFormer: A Novel Transformer on Grassmann Manifold for Infrared and Visible Image Fusion,2026,Information Fusion,Shaoyun2023/GrFormer,https://www.sciencedirect.com/science/article/pii/S1566253525004750?via%3Dihub,https://github.com/Shaoyun2023/GrFormer,ivif,Transformer,研究跨模态特征交互与全局信息建模。,正式发表,作者出版信息已核对,https://github.com/Shaoyun2023/GrFormer/blob/main/README.md; https://www.sciencedirect.com/science/article/pii/S1566253525004750?via%3Dihub,2026-10-09,仓库已定位，未运行,作者引用及卷期为 2026；原表标 2025。
isfl,ISFL,Multi-Modal Image Fusion via Intervention-Stable Feature Learning,2026,CVPR,,https://openaccess.thecvf.com/content/CVPR2026/html/Wang_Multi-Modal_Image_Fusion_via_Intervention-Stable_Feature_Learning_CVPR_2026_paper.html,,general,干预稳定性; 分布偏移,,正式发表,出版平台摘要与元数据已核对,https://openaccess.thecvf.com/content/CVPR2026/html/Wang_Multi-Modal_Image_Fusion_via_Intervention-Stable_Feature_Learning_CVPR_2026_paper.html,2026-10-09,未定位作者代码,分类依据摘要；不构成全文技术评审。
magicfuse,MagicFuse,MagicFuse: Single Image Fusion for Visual and Semantic Reinforcement,2026,CVPR,zhayanping/MagicFuse,https://arxiv.org/abs/2602.01760,https://github.com/zhayanping/MagicFuse,related,模态缺失; 知识迁移,推理仅用单幅可见光图像，利用多模态知识；与双源像素融合分开比较。,正式发表,作者出版信息已核对,https://github.com/zhayanping/MagicFuse/blob/main/README.md; https://arxiv.org/abs/2602.01760,2026-10-09,仓库已定位，未运行,
mask-difuser,Mask-DiFuser,Mask-DiFuser: A Masked Diffusion Model for Unified Unsupervised Image Fusion,2026,TPAMI,Linfeng-Tang/Mask-DiFuser,https://ieeexplore.ieee.org/document/11162636,https://github.com/Linfeng-Tang/Mask-DiFuser,general; medical; ivif,扩散,探索扩散先验与融合约束；采样步数和信息忠实度需要单独评估。,正式发表,作者出版信息已核对,https://github.com/Linfeng-Tang/Mask-DiFuser/blob/main/README.md; https://ieeexplore.ieee.org/document/11162636,2026-10-09,仓库已定位，未运行,"2025 Early Access；作者当前引用为 TPAMI 48(1), 2026。"
mobilefusion,MobileFusion,MobileFusion: Mobile-Friendly Infrared and Visible Image Fusion via Structural Re-parameterization,2026,ICML,sucessfullys/MobileFusion,https://proceedings.mlr.press/v306/duan26a.html,https://github.com/sucessfullys/MobileFusion,ivif,结构重参数化; 轻量化,,正式发表,出版平台摘要与元数据已核对,https://proceedings.mlr.press/v306/duan26a.html,2026-10-09,官方页面提供作者仓库，未运行,分类依据摘要；不构成全文技术评审。
recofuse,ReCoFuse,ReCoFuse: Ultra-Robust Image Fusion via Restorative Multi-Modal Diffusion Reciprocal Coupling,2026,CVPR,HaoZhang1018/ReCoFuse,https://openaccess.thecvf.com/content/CVPR2026/html/Zhang_ReCoFuse_Ultra-Robust_Image_Fusion_via_Restorative_Multi-Modal_Diffusion_Reciprocal_Coupling_CVPR_2026_paper.html,https://github.com/HaoZhang1018/ReCoFuse,ivif,扩散; 退化鲁棒,研究恢复与融合的双向耦合，适合复合退化场景。,正式发表,作者出版信息已核对,https://github.com/HaoZhang1018/ReCoFuse/blob/main/README.md; https://openaccess.thecvf.com/content/CVPR2026/html/Zhang_ReCoFuse_Ultra-Robust_Image_Fusion_via_Restorative_Multi-Modal_Diffusion_Reciprocal_Coupling_CVPR_2026_paper.html,2026-10-09,仓库已定位，未运行,
regionfuse,RegionFuse,RegionFuse: Region-Adaptive Pixel Distribution Learning for Infrared and Visible Image Fusion,2026,CVPR,DarkIceField/RegionFuse,https://openaccess.thecvf.com/content/CVPR2026/html/Xia_RegionFuse_Region-Adaptive_Pixel_Distribution_Learning_for_Infrared_and_Visible_Image_CVPR_2026_paper.html,https://github.com/DarkIceField/RegionFuse,ivif,区域自适应; 分布学习,从区域像素分布研究不同位置的融合需求。,正式发表,作者出版信息已核对,https://github.com/DarkIceField/RegionFuse/blob/main/README.md; https://openaccess.thecvf.com/content/CVPR2026/html/Xia_RegionFuse_Region-Adaptive_Pixel_Distribution_Learning_for_Infrared_and_Visible_Image_CVPR_2026_paper.html,2026-10-09,仅公告/页面，尚未核实可运行实现,
tedfusion,TEDFusion,Text-Driven Fusion for Infrared and Visible Images: Achieving Image Scene Adaptation on Hyperbolic Space,2026,ICML,Shaoyun2023/TEDFusion,https://proceedings.mlr.press/v306/kang26k.html,https://github.com/Shaoyun2023/TEDFusion,ivif,文本训练先验; 双曲空间,,正式发表,出版平台摘要与元数据已核对,https://proceedings.mlr.press/v306/kang26k.html,2026-10-09,官方页面提供作者仓库，未运行,摘要说明文本用于训练，推理无需输入文本；不直接归为交互式文本控制。
unifusion,UniFusion,UniFusion: A Unified Image Fusion Framework with Robust Representation and Source-Aware Preservation,2026,CVPR,dusongcheng/UniFusion,https://arxiv.org/abs/2603.14214,https://github.com/dusongcheng/UniFusion,general,通用融合; 表示学习,研究跨任务共享表示与源信息保留。,正式发表,作者出版信息已核对,https://github.com/dusongcheng/UniFusion/blob/main/README.md; https://arxiv.org/abs/2603.14214,2026-10-09,仓库已定位，未运行,
videofusion,VideoFusion,VideoFusion: A Spatio-Temporal Collaborative Network for Multi-modal Video Fusion,2026,CVPR,Linfeng-Tang/VideoFusion,https://arxiv.org/abs/2503.23359,https://github.com/Linfeng-Tang/VideoFusion,video,时序一致性; 恢复,从静态融合扩展到时空协同，需测量闪烁和运动一致性。,正式发表,作者出版信息已核对,https://github.com/Linfeng-Tang/VideoFusion/blob/main/README.md; https://arxiv.org/abs/2503.23359,2026-10-09,仓库已定位，未运行,
au-net,AU-Net,AU-Net: Adaptive Unified Network for Joint Multi-Modal Image Registration and Fusion,2025,TIP,luming1314/AU-Net,https://doi.org/10.1109/TIP.2025.3586507,https://github.com/luming1314/AU-Net,medical,配准,联合对齐与融合，关注模态差异对匹配和互补信息保留的不同要求。,正式发表,作者出版信息已核对,https://github.com/luming1314/AU-Net/blob/main/README.md; https://doi.org/10.1109/TIP.2025.3586507,2026-10-09,仓库已定位，未运行,
bsafusion,BSAFusion,BSAFusion: A Bidirectional Stepwise Feature Alignment Network for Unaligned Medical Image Fusion,2025,AAAI,slrl123/BSAFusion,https://doi.org/10.1609/aaai.v39i5.32499,https://github.com/slrl123/BSAFusion,medical,配准,联合对齐与融合，关注模态差异对匹配和互补信息保留的不同要求。,正式发表,出版平台元数据已核对,https://github.com/slrl123/BSAFusion/blob/main/README.md; https://doi.org/10.1609/aaai.v39i5.32499,2026-10-09,仓库已定位，未运行,
c2rf,C2RF,C2RF: Bridging Multi-modal Image Registration and Fusion via Commonality Mining and Contrastive Learning,2025,IJCV,QinglongYan-hub/C2RF,https://doi.org/10.1007/s11263-025-02427-1,https://github.com/QinglongYan-hub/C2RF,ivif; medical,配准,研究非严格对齐输入下的融合；比较配准误差与融合质量。,正式发表,出版平台元数据已核对,https://github.com/QinglongYan-hub/C2RF/blob/main/README.md; https://doi.org/10.1007/s11263-025-02427-1; https://doi.org/10.1007/s11263-025-02427-1,2026-10-09,仓库已定位，未运行,
ccsr-net-fusion,CCSR-Net-Fusion,Unfolding Coupled Convolutional Sparse Representation for Multi-Focus Image Fusion,2025,Information Fusion,yuliu316316/CCSR-Net-Fusion,https://www.sciencedirect.com/science/article/abs/pii/S1566253525000478,https://github.com/yuliu316316/CCSR-Net-Fusion,focus,清晰度; 多聚焦,聚合不同焦平面的清晰区域；关注边界过渡与离焦建模。,正式发表,出版平台元数据已核对,https://github.com/yuliu316316/CCSR-Net-Fusion/blob/master/README.md; https://www.sciencedirect.com/science/article/abs/pii/S1566253525000478,2026-10-09,仓库已定位，未运行,
controlfusion,ControlFusion,ControlFusion: A Controllable Image Fusion Framework with Language-Vision Degradation Prompts,2025,NeurIPS,Linfeng-Tang/ControlFusion,https://arxiv.org/abs/2503.23356,https://github.com/Linfeng-Tang/ControlFusion,ivif,文本引导; 可控融合; 退化鲁棒,利用语言信息控制融合偏好或退化处理；区分文本控制和单纯语义先验。,正式发表,作者出版信息已核对,https://github.com/Linfeng-Tang/ControlFusion/blob/main/README.md; https://arxiv.org/abs/2503.23356,2026-10-09,仓库已定位，未运行,
dcevo,DCEvo,DCEvo: Discriminative Cross-dimensional Evolutionary Learning for Infrared and Visible Image Fusion,2025,CVPR,Beate-Suy-Zhang/DCEvo,https://openaccess.thecvf.com/content/CVPR2025/html/Liu_DCEvo_Discriminative_Cross-Dimensional_Evolutionary_Learning_for_Infrared_and_Visible_Image_CVPR_2025_paper.html,https://github.com/Beate-Suy-Zhang/DCEvo,ivif,任务驱动,用高层任务或任务相关机制改善融合；核对训练任务与测试任务。,正式发表,作者出版信息已核对,https://github.com/Beate-Suy-Zhang/DCEvo/blob/main/README.md; https://openaccess.thecvf.com/content/CVPR2025/html/Liu_DCEvo_Discriminative_Cross-Dimensional_Evolutionary_Learning_for_Infrared_and_Visible_Image_CVPR_2025_paper.html,2026-10-09,仓库已定位，未运行,
deno-if,Deno-IF,Deno-IF: Unsupervised noisy visible and infrared image fusion method,2025,NeurIPS,hanna-xu/Deno-IF,https://openreview.net/pdf?id=36cKp4tsHF,https://github.com/hanna-xu/Deno-IF,ivif,退化鲁棒; 去噪,联合处理含噪输入的去噪与融合。,正式发表,作者出版信息已核对,https://github.com/hanna-xu/Deno-IF/blob/main/README.md; https://openreview.net/pdf?id=36cKp4tsHF,2026-10-09,仓库已定位，未运行,
dm-fnet,DM-FNet,DM-FNet: Unified Multimodal Medical Image Fusion via Diffusion Process-Trained Encoder-Decoder,2025,TMM,HeDan-11/DM-FNet,https://doi.org/10.1109/TMM.2025.3613156,https://github.com/HeDan-11/DM-FNet,medical,扩散; 医学融合,整合不同医学成像模态；阅读时核对组织结构、功能信息与颜色保真。,正式发表,作者出版信息已核对,https://github.com/HeDan-11/DM-FNet/blob/main/README.md; https://doi.org/10.1109/TMM.2025.3613156,2026-10-09,仓库已定位，未运行,
dmanet,DMANet,Multi-Focus Image Fusion via Explicit Defocus Blur Modelling,2025,AAAI,Tangzitao/DMANet,https://doi.org/10.1609/aaai.v39i6.32714,https://github.com/Tangzitao/DMANet,focus,清晰度; 多聚焦,聚合不同焦平面的清晰区域；关注边界过渡与离焦建模。,正式发表,出版平台元数据已核对,https://github.com/Tangzitao/DMANet/blob/main/README.md; https://github.com/Tangzitao/DMANet/blob/main/paper.pdf; https://doi.org/10.1609/aaai.v39i6.32714,2026-10-09,仓库已定位，未运行,
fs-diff,FS-Diff,FS-Diff: Semantic guidance and clarity-aware simultaneous multimodal image fusion and super-resolution.,2025,Information Fusion,XylonXu01/FS-Diff,,https://github.com/XylonXu01/FS-Diff,general,扩散; 超分辨率; 语义先验,把融合与超分辨率联合建模；核对分辨率设置与语义引导。,正式发表,作者出版信息已核对,https://github.com/XylonXu01/FS-Diff/blob/main/README.md,2026-10-09,仓库已定位，未运行,
fusionbooster,Fusionbooster,Fusionbooster: A unified image fusion boosting paradigm,2025,IJCV,AWCXV/FusionBooster,https://arxiv.org/pdf/2305.05970,https://github.com/AWCXV/FusionBooster,general,通用融合,研究跨融合场景的共享表示或训练机制；逐任务检查泛化证据。,正式发表,作者出版信息已核对,https://github.com/AWCXV/FusionBooster/blob/main/README.md; https://arxiv.org/pdf/2305.05970,2026-10-09,仓库已定位，未运行,
fusioninv,FusionINV,FusionINV: A Diffusion-Based Approach for Multimodal Image Fusion,2025,TIP,erfect2020/FusionINV,https://doi.org/10.1109/TIP.2025.3593775,https://github.com/erfect2020/FusionINV,general,扩散,探索扩散先验与融合约束；采样步数和信息忠实度需要单独评估。,正式发表,作者出版信息已核对,https://github.com/erfect2020/FusionINV/blob/main/README.md; https://doi.org/10.1109/TIP.2025.3593775,2026-10-09,仓库已定位，未运行,
gifnet,GIFNet,One Model for ALL: Low-Level Task Interaction Is a Key to Task-Agnostic Image Fusion,2025,CVPR,AWCXV/GIFNet,https://openaccess.thecvf.com/content/CVPR2025/html/Cheng_One_Model_for_ALL_Low-Level_Task_Interaction_Is_a_Key_CVPR_2025_paper.html,https://github.com/AWCXV/GIFNet,general; focus; exposure; medical; ivif,通用融合; 联合训练,研究不同低层融合任务之间的交互，一个模型覆盖多种融合场景。,正式发表,作者出版信息已核对,https://github.com/AWCXV/GIFNet/blob/main/README.md; https://openaccess.thecvf.com/content/CVPR2025/html/Cheng_One_Model_for_ALL_Low-Level_Task_Interaction_Is_a_Key_CVPR_2025_paper.html,2026-10-09,仓库已定位，未运行,
idf-tddt,IDF-TDDT,Instruction-Driven Fusion of Infrared-Visible Images: Tailoring for Diverse Downstream Tasks,2025,Information Fusion,YR0211/IDF-TDDT,https://www.sciencedirect.com/science/article/pii/S1566253525002210,https://github.com/YR0211/IDF-TDDT,ivif,任务驱动; 指令引导,用高层任务或任务相关机制改善融合；核对训练任务与测试任务。,正式发表,作者出版信息已核对,https://github.com/YR0211/IDF-TDDT/blob/main/README.md; https://www.sciencedirect.com/science/article/pii/S1566253525002210,2026-10-09,仓库已定位，未运行,
im-fuse,IM-Fuse,IM-Fuse: Mamba-based Fusion Block for Brain Tumor Segmentation with Incomplete Modalities,2025,MICCAI,AImageLab-zip/IM-Fuse,https://papers.miccai.org/miccai-2025/0437-Paper0747.html,https://github.com/AImageLab-zip/IM-Fuse,related,Mamba; 模态缺失; 分割,脑肿瘤分割中的特征融合，输出为分割结果；不计入像素级融合方法。,正式发表,出版平台元数据已核对,https://papers.miccai.org/miccai-2025/0437-Paper0747.html,2026-10-09,来源读取未完成,
lfdt-fusion,LFDT-Fusion,LFDT-Fusion: A Latent Feature-guided Diffusion Transformer Model for General Image Fusion,2025,Information Fusion,BOYang-pro/LFDT-Fusion,https://doi.org/10.1016/j.inffus.2024.102639,https://github.com/BOYang-pro/LFDT-Fusion,general,扩散; Transformer; 潜空间,研究跨融合场景的共享表示或训练机制；逐任务检查泛化证据。,正式发表,出版平台元数据已核对,https://github.com/BOYang-pro/LFDT-Fusion/blob/main/README.md; https://doi.org/10.1016/j.inffus.2024.102639,2026-10-09,仓库已定位，未运行,2024 在线/DOI 年份，2025 卷期年份；此处按卷期记录。
lut-fuse,LUT-Fuse,LUT-Fuse: Towards Extremely Fast Infrared and Visible Image Fusion via Distillation to Learnable Look-Up Tables,2025,ICCV,zyb5/LUT-Fuse,https://arxiv.org/pdf/2509.00346,https://github.com/zyb5/LUT-Fuse,ivif,蒸馏; LUT; 轻量化,把融合能力蒸馏到可学习查找表；适合研究高分辨率部署。,正式发表,作者出版信息已核对,https://github.com/zyb5/LUT-Fuse/blob/main/README.md; https://arxiv.org/pdf/2509.00346,2026-10-09,仓库已定位，未运行,
maefuse,MaeFuse,MaeFuse: Transferring Omni Features with Pretrained Masked Autoencoders for Infrared and Visible Image Fusion via Guided Training,2025,TIP,Henry-Lee-real/MaeFuse,https://arxiv.org/abs/2404.11016,https://github.com/Henry-Lee-real/MaeFuse,ivif,语义先验,利用语义或预训练表示引导互补信息选择。,正式发表,作者出版信息已核对,https://github.com/Henry-Lee-real/MaeFuse/blob/main/README.md; https://arxiv.org/abs/2404.11016,2026-10-09,仓库已定位，未运行,
mafs,MAFS,MAFS: Masked Autoencoder for Infrared-VisibleImage Fusion and Semantic Segmentation,2025,TIP,Abraham-Einstein/MAFS,https://arxiv.org/pdf/2509.11817,https://github.com/Abraham-Einstein/MAFS,ivif,任务驱动,用高层任务或任务相关机制改善融合；核对训练任务与测试任务。,正式发表,作者出版信息已核对,https://github.com/Abraham-Einstein/MAFS/blob/main/README.md; https://arxiv.org/pdf/2509.11817,2026-10-09,仓库已定位，未运行,
mmae,MMAE,MMAE: A universal image fusion method via mask attention mechanism,2025,Pattern Recognition,xiangxiang-wang/MMAE,https://doi.org/10.1016/j.patcog.2024.111041,https://github.com/xiangxiang-wang/MMAE,general; focus; exposure; ivif,通用融合,研究跨融合场景的共享表示或训练机制；逐任务检查泛化证据。,正式发表,作者出版信息已核对,https://github.com/xiangxiang-wang/MMAE/blob/main/README.md; https://doi.org/10.1016/j.patcog.2024.111041,2026-10-09,仓库已定位，未运行,
mmif-inet,MMIF-INet,MMIF-INet: Multimodal medical image fusion by invertible network,2025,Information Fusion,HeDan-11/MMIF-INet,https://doi.org/10.1016/j.inffus.2024.102666,https://github.com/HeDan-11/MMIF-INet,medical,可逆网络; 医学融合,整合不同医学成像模态；阅读时核对组织结构、功能信息与颜色保真。,正式发表,作者出版信息已核对,https://github.com/HeDan-11/MMIF-INet/blob/main/README.md; https://doi.org/10.1016/j.inffus.2024.102666,2026-10-09,仓库已定位，未运行,
mulfs-cap,MulFS-CAP,MulFS-CAP: Multimodal Fusion-Supervised Cross-Modality Alignment Perception for Unregistered Infrared-Visible Image Fusion,2025,TPAMI,YR0211/MulFS-CAP,https://ieeexplore.ieee.org/abstract/document/10856402,https://github.com/YR0211/MulFS-CAP,ivif,配准,研究非严格对齐输入下的融合；比较配准误差与融合质量。,正式发表,作者出版信息已核对,https://github.com/YR0211/MulFS-CAP/blob/main/README.md; https://ieeexplore.ieee.org/abstract/document/10856402,2026-10-09,仓库已定位，未运行,
occo,OCCO,OCCO: LVM-guided Infrared and Visible Image Fusion Framework based on Object-aware and Contextual COntrastive Learning,2025,IJCV,bociic/OCCO,https://link.springer.com/article/10.1007/s11263-025-02507-2,https://github.com/bociic/OCCO,ivif,语义先验,利用语义或预训练表示引导互补信息选择。,正式发表,作者出版信息已核对,https://github.com/bociic/OCCO/blob/main/README.md; https://link.springer.com/article/10.1007/s11263-025-02507-2,2026-10-09,仓库已定位，未运行,
omnifuse,OmniFuse,OmniFuse: Composite Degradation-Robust Image Fusion with Language-Driven Semantics,2025,TPAMI,HaoZhang1018/OmniFuse,,https://github.com/HaoZhang1018/OmniFuse,ivif,文本引导; 退化鲁棒,利用语言信息控制融合偏好或退化处理；区分文本控制和单纯语义先验。,正式发表,作者出版信息已核对,https://github.com/HaoZhang1018/OmniFuse/blob/main/README.md,2026-10-09,仓库已定位，未运行,
pgmr,PGMR,Plug-and-Play General Image Registration for Misaligned Multi-Modal Image Fusion,2025,TCSVT,stwts/PGMR,https://ieeexplore.ieee.org/document/11005625,https://github.com/stwts/PGMR,ivif,配准,研究非严格对齐输入下的融合；比较配准误差与融合质量。,正式发表,作者出版信息已核对,https://github.com/stwts/PGMR/blob/main/README.md; https://ieeexplore.ieee.org/document/11005625,2026-10-09,仓库已定位，未运行,
referencesupervisionivif,ReferenceSupervisionIVIF,Reference-then-Supervision Framework for Infrared and Visible Image Fusion,2025,Pattern Recognition,zhenglab/ReferenceSupervisionIVIF,https://doi.org/10.1016/j.patcog.2024.110996,https://github.com/zhenglab/ReferenceSupervisionIVIF,ivif,伪监督,先构造参考再监督融合，关注参考质量与教师偏差。,正式发表,出版平台元数据已核对,https://github.com/zhenglab/ReferenceSupervisionIVIF/blob/main/README.md; https://doi.org/10.1016/j.patcog.2024.110996,2026-10-09,仓库已定位，未运行,2024 在线/DOI 年份，2025 卷期年份；此处按卷期记录。
rpfnet,RPFNet,Residual Prior-driven Frequency-aware Network for Image Fusion,2025,ACM MM,wang-x-1997/RPFNet,https://arxiv.org/abs/2507.06735,https://github.com/wang-x-1997/RPFNet,ivif,频域; 互补信息,由模态残差信息提供互补先验，并在频域建模全局交互。,正式发表,作者出版信息已核对,https://github.com/wang-x-1997/RPFNet/blob/main/README.md; https://arxiv.org/abs/2507.06735,2026-10-09,仓库已定位，未运行,作者仓库标 ACM MM 2025；修正原表 CVPR 2025。
sage,SAGE,Every SAM Drop Counts: Embracing Semantic Priors for Multi-Modality Image Fusion and Beyond,2025,CVPR,RollingPlain/SAGE_IVIF,https://openaccess.thecvf.com/content/CVPR2025/html/Wu_Every_SAM_Drop_Counts_Embracing_Semantic_Priors_for_Multi-Modality_Image_CVPR_2025_paper.html,https://github.com/RollingPlain/SAGE_IVIF,ivif,语义先验,利用语义或预训练表示引导互补信息选择。,正式发表,作者出版信息已核对,https://github.com/RollingPlain/SAGE_IVIF/blob/main/README.md; https://openaccess.thecvf.com/content/CVPR2025/html/Wu_Every_SAM_Drop_Counts_Embracing_Semantic_Priors_for_Multi-Modality_Image_CVPR_2025_paper.html,2026-10-09,仓库已定位，未运行,
sptfuse,SpTFuse,SAM-guided multi-level collaborative Transformer for infrared and visible image fusion,2025,Pattern Recognition,lxq-jnu/SpTFuse,https://www.sciencedirect.com/science/article/abs/pii/S0031320325000512,https://github.com/lxq-jnu/SpTFuse,ivif,语义先验,利用语义或预训练表示引导互补信息选择。,正式发表,出版平台元数据已核对,https://github.com/lxq-jnu/SpTFuse/blob/master/README.md; https://www.sciencedirect.com/science/article/abs/pii/S0031320325000512,2026-10-09,仓库已定位，未运行,
ssdfusion,SSDFusion,SSDFusion: A scene-semantic decomposition approach for visible and infrared image fusion,2025,Pattern Recognition,YiXian-Xiao/SSDFusion,https://doi.org/10.1016/j.patcog.2025.111457,https://github.com/YiXian-Xiao/SSDFusion,ivif,语义先验,利用语义或预训练表示引导互补信息选择。,正式发表,作者出版信息已核对,https://github.com/YiXian-Xiao/SSDFusion/blob/master/README.md; https://doi.org/10.1016/j.patcog.2025.111457,2026-10-09,仓库已定位，未运行,
tdfusion,TDFusion,Task-driven Image Fusion with Learnable Fusion Loss,2025,CVPR,HaowenBai/TDFusion,https://arxiv.org/pdf/2412.03240,https://github.com/HaowenBai/TDFusion,ivif,任务驱动; 可学习损失,把下游任务反馈用于学习融合损失；与重建驱动的 ReFusion 对照阅读。,正式发表,作者出版信息已核对,https://github.com/HaowenBai/TDFusion/blob/main/README.md; https://arxiv.org/pdf/2412.03240,2026-10-09,仓库已定位，未运行,
textfusion,TextFusion,TextFusion: Unveiling the Power of Textual Semantics for Controllable Image Fusion,2025,Information Fusion,AWCXV/TextFusion,https://www.sciencedirect.com/science/article/abs/pii/S1566253524005682?casa_token=wIR2KSNJG6sAAAAA:TITMGkb8jaVZ9EDKYhxK5XhWMKok2k62RgFkldDQsjvI6EpTty4gvcHXR1Cq52AFsdsVOF9IDw,https://github.com/AWCXV/TextFusion,ivif,文本引导; 可控融合,利用语言信息控制融合偏好或退化处理；区分文本控制和单纯语义先验。,正式发表,作者出版信息已核对,https://github.com/AWCXV/TextFusion/blob/main/README.md; https://www.sciencedirect.com/science/article/abs/pii/S1566253524005682?casa_token=wIR2KSNJG6sAAAAA:TITMGkb8jaVZ9EDKYhxK5XhWMKok2k62RgFkldDQsjvI6EpTty4gvcHXR1Cq52AFsdsVOF9IDw,2026-10-09,仓库已定位，未运行,
tita,TITA,Balancing task-invariant interaction and task-specific adaptation for unified image fusion,2025,ICCV,huxingyuabc/TITA,https://arxiv.org/pdf/2504.05164,https://github.com/huxingyuabc/TITA,general; focus; exposure; ivif,通用融合; 自适应; 多任务优化,平衡任务共享交互与任务特定适配；关注多任务训练的梯度冲突。,正式发表,作者出版信息已核对,https://github.com/huxingyuabc/TITA/blob/main/README.md; https://arxiv.org/pdf/2504.05164,2026-10-09,仓库已定位，未运行,
unifuse,UniFuse,UniFuse: A Unified All-in-One Framework for Multi-Modal Medical Image Fusion Under Diverse Degradations and Misalignments,2025,ICCV,slrl123/UniFuse,https://arxiv.org/abs/2506.22736,https://github.com/slrl123/UniFuse,medical,配准; 退化鲁棒; Mamba,将医学图像的对齐、恢复和融合放在统一框架中。,正式发表,作者出版信息已核对,https://github.com/slrl123/UniFuse/blob/main/README.md; https://arxiv.org/abs/2506.22736,2026-10-09,仓库已定位，未运行,
emma,EMMA,Equivariant Multi-Modality Image Fusion,2024,CVPR,Zhaozixiang1228/MMIF-EMMA,,https://github.com/Zhaozixiang1228/MMIF-EMMA,general; medical; ivif,等变性; 自监督,研究跨融合场景的共享表示或训练机制；逐任务检查泛化证据。,正式发表,作者出版信息已核对,https://github.com/Zhaozixiang1228/MMIF-EMMA/blob/main/README.md,2026-10-09,仓库已定位，未运行,
imf,IMF,Improving Misaligned Multi-modality Image Fusion with One-stage Progressive Dense Registration,2024,TCSVT,wdhudiekou/IMF,https://arxiv.org/pdf/2308.11165,https://github.com/wdhudiekou/IMF,ivif,配准,研究非严格对齐输入下的融合；比较配准误差与融合质量。,正式发表,作者出版信息已核对,https://github.com/wdhudiekou/IMF/blob/master/README.md; https://arxiv.org/pdf/2308.11165,2026-10-09,仓库已定位，未运行,
pmi-rfconet,PMI-RFCoNet,Progressive Multi-Iteration Registration-Fusion Co-Optimization Network for Unregistered Hyperspectral Image Super-Resolution,2024,TGRS,Jiahuiqu/PMI-RFCoNet,https://doi.org/10.1109/TGRS.2024.3408424,https://github.com/Jiahuiqu/PMI-RFCoNet,remote,配准; 扩散,空间与光谱信息联合重建；需使用遥感任务专用指标。,正式发表,作者出版信息已核对,https://github.com/Jiahuiqu/PMI-RFCoNet/blob/main/README.md; https://doi.org/10.1109/TGRS.2024.3408424,2026-10-09,仓库已定位，未运行,
refusion,ReFusion,ReFusion: Learning Image Fusion from Reconstruction with Learnable Loss Via Meta-Learning,2024,IJCV,HaowenBai/ReFusion,https://doi.org/10.1007/s11263-024-02256-8,https://github.com/HaowenBai/ReFusion,general; ivif,元学习; 可学习损失; 重建学习,通过源图像重建与元学习优化融合损失，而非只使用固定手工损失。,正式发表,作者出版信息已核对,https://github.com/HaowenBai/ReFusion/blob/main/README.md; https://doi.org/10.1007/s11263-024-02256-8,2026-10-09,仓库已定位，未运行,去重，并修正原表中的 CVPR 2025 标注。
text-if,Text-IF,Text-IF: Leveraging Semantic Text Guidance for Degradation-Aware and Interactive Image Fusion,2024,CVPR,Linfeng-Tang/Text-IF,https://arxiv.org/abs/2403.16387,https://github.com/Linfeng-Tang/Text-IF,ivif,文本引导; 可控融合; 退化鲁棒,把文本偏好与退化条件引入融合。,正式发表,作者出版信息已核对,https://github.com/Linfeng-Tang/Text-IF/blob/main/README.md; https://arxiv.org/abs/2403.16387,2026-10-09,仓库已定位，未运行,
tfs-diff,TFS-Diff,Simultaneous Tri-Modal Medical Image Fusion and Super-Resolution using Conditional Diffusion Model,2024,MICCAI,XylonXu01/TFS-Diff,https://papers.miccai.org/miccai-2024/703-Paper3901.html,https://github.com/XylonXu01/TFS-Diff,medical,扩散; 三模态; 超分辨率,联合三模态融合与分辨率提升，适合研究多输入及联合重建。,正式发表,作者出版信息已核对,https://github.com/XylonXu01/TFS-Diff/blob/main/README.md; https://papers.miccai.org/miccai-2024/703-Paper3901.html,2026-10-09,仓库已定位，未运行,
uaafusion,UAAFusion,Deep unfolding multi-modal image fusion network via attribution analysis,2024,TCSVT,HaowenBai/UAAFusion,https://arxiv.org/abs/2502.01467,https://github.com/HaowenBai/UAAFusion,general,深度展开; 归因分析,研究跨融合场景的共享表示或训练机制；逐任务检查泛化证据。,正式发表,作者出版信息已核对,https://github.com/HaowenBai/UAAFusion/blob/main/README.md; https://arxiv.org/abs/2502.01467,2026-10-09,仓库已定位，未运行,从配准类别移出；深度展开与归因分析不等同于配准。
vdmufusion,VDMUFusion,VDMUFusion: A Versatile Diffusion Model-Based Unsupervised Framework for Image Fusion,2024,TIP,yuliu316316/VDMUFusion,https://ieeexplore.ieee.org/abstract/document/10794610,https://github.com/yuliu316316/VDMUFusion,general,扩散; 通用融合,研究跨融合场景的共享表示或训练机制；逐任务检查泛化证据。,正式发表,作者出版信息已核对,https://github.com/yuliu316316/VDMUFusion/blob/master/README.md; https://ieeexplore.ieee.org/abstract/document/10794610,2026-10-09,仓库已定位，未运行,
cddfuse,CDDFuse,CDDFuse: Correlation-Driven Dual-Branch Feature Decomposition for Multi-Modality Image Fusion.,2023,CVPR,Zhaozixiang1228/MMIF-CDDFuse,https://openaccess.thecvf.com/content/CVPR2023/html/Zhao_CDDFuse_Correlation-Driven_Dual-Branch_Feature_Decomposition_for_Multi-Modality_Image_Fusion_CVPR_2023_paper.html,https://github.com/Zhaozixiang1228/MMIF-CDDFuse,general; medical; ivif,特征分解; 相关性,用双分支区分共享与互补信息；可作为理解分解式融合的起点。,正式发表,作者出版信息已核对,https://github.com/Zhaozixiang1228/MMIF-CDDFuse/blob/main/README.md; https://openaccess.thecvf.com/content/CVPR2023/html/Zhao_CDDFuse_Correlation-Driven_Dual-Branch_Feature_Decomposition_for_Multi-Modality_Image_Fusion_CVPR_2023_paper.html,2026-10-09,仓库已定位，未运行,
ddfm,DDFM,DDFM: Denoising Diffusion Model for Multi-Modality Image Fusion,2023,ICCV,Zhaozixiang1228/MMIF-DDFM,https://arxiv.org/abs/2303.06840,https://github.com/Zhaozixiang1228/MMIF-DDFM,general; medical; ivif,扩散; 无监督,用扩散先验结合融合约束；关注采样过程与可控的信息保持。,正式发表,作者出版信息已核对,https://github.com/Zhaozixiang1228/MMIF-DDFM/blob/main/README.md; https://arxiv.org/abs/2303.06840,2026-10-09,仓库已定位，未运行,
meflut,MEFLUT,MEFLUT: Unsupervised 1D Lookup Tables for Multi-exposure Image Fusion,2023,ICCV,Hedlen/MEFLUT,https://openaccess.thecvf.com/content/ICCV2023/html/Jiang_MEFLUT_Unsupervised_1D_Lookup_Tables_for_Multi-exposure_Image_Fusion_ICCV_2023_paper.html,https://github.com/Hedlen/MEFLUT,exposure,LUT; 轻量化,,正式发表,出版平台元数据已核对,https://openaccess.thecvf.com/content/ICCV2023/html/Jiang_MEFLUT_Unsupervised_1D_Lookup_Tables_for_Multi-exposure_Image_Fusion_ICCV_2023_paper.html,2026-10-09,论文提供作者仓库，未运行,
segmif,SegMiF,Multi-interactive Feature Learning and a Full-time Multi-modality Benchmark for Image Fusion and Segmentation,2023,ICCV,JinyuanLiu-CV/SegMiF,https://arxiv.org/abs/2308.02097,https://github.com/JinyuanLiu-CV/SegMiF,ivif,任务驱动; 分割,联合研究融合与分割，提供 FMB 基准入口。,正式发表,作者出版信息已核对,https://github.com/JinyuanLiu-CV/SegMiF/blob/main/README.md; https://arxiv.org/abs/2308.02097,2026-10-09,仓库已定位，未运行,
seafusion,SeAFusion,Image Fusion in the Loop of High-Level Vision Tasks: A Semantic-Aware Real-Time Infrared and Visible Image Fusion Network,2022,Information Fusion,Linfeng-Tang/SeAFusion,https://www.sciencedirect.com/science/article/pii/S1566253521002542,https://github.com/Linfeng-Tang/SeAFusion,ivif,任务驱动; 分割,以语义任务反馈改善融合，是任务驱动路线的早期阅读节点。,正式发表,作者出版信息已核对,https://github.com/Linfeng-Tang/SeAFusion/blob/main/README.md; https://www.sciencedirect.com/science/article/pii/S1566253521002542,2026-10-09,仓库已定位，未运行,
tardal,TarDAL,Target-Aware Dual Adversarial Learning and a Multi-Scenario Multi-Modality Benchmark to Fuse Infrared and Visible for Object Detection,2022,CVPR,JinyuanLiu-CV/TarDAL,https://arxiv.org/abs/2203.16220,https://github.com/JinyuanLiu-CV/TarDAL,ivif,任务驱动; 检测; GAN,围绕目标信息开展融合，并提供 M3FD 数据集入口。,正式发表,作者出版信息已核对,https://github.com/JinyuanLiu-CV/TarDAL/blob/main/README.md; https://arxiv.org/abs/2203.16220,2026-10-09,仓库已定位，未运行,
u2fusion,U2Fusion,U2Fusion: A Unified Unsupervised Image Fusion Network,2022,TPAMI,hanna-xu/U2Fusion,https://doi.org/10.1109/TPAMI.2020.3012548,https://github.com/hanna-xu/U2Fusion,general; focus; exposure; medical; ivif,通用融合; 无监督,理解统一训练、源图像信息保留与融合任务迁移。,正式发表,作者出版信息已核对,https://github.com/hanna-xu/U2Fusion/blob/master/README.md; https://doi.org/10.1109/TPAMI.2020.3012548,2026-10-09,仓库已定位，未运行,"2020 在线发表；此处按 TPAMI 44(1), 2022 卷期引用。"
densefuse,DenseFuse,DenseFuse: A Fusion Approach to Infrared and Visible Images,2019,TIP,hli1221/imagefusion_densefuse,https://ieeexplore.ieee.org/document/8580578,https://github.com/hli1221/imagefusion_densefuse,ivif,CNN; 自编码器,从编码、融合规则与重建理解早期深度融合。,正式发表,作者出版信息已核对,https://github.com/hli1221/imagefusion_densefuse/blob/master/README.md; https://ieeexplore.ieee.org/document/8580578,2026-10-09,仓库已定位，未运行,
fusiongan,FusionGAN,FusionGAN: A Generative Adversarial Network for Infrared and Visible Image Fusion,2019,Information Fusion,jiayi-ma/FusionGAN,https://www.sciencedirect.com/science/article/pii/S1566253518301143,https://github.com/jiayi-ma/FusionGAN,ivif,GAN,理解对抗目标如何影响红外强度与可见光细节的取舍。,正式发表,作者出版信息已核对,https://github.com/jiayi-ma/FusionGAN/blob/master/README.md; https://www.sciencedirect.com/science/article/pii/S1566253518301143,2026-10-09,仓库已定位，未运行,
deepfuse,DeepFuse,DeepFuse: A Deep Unsupervised Approach for Exposure Fusion With Extreme Exposure Image Pairs,2017,ICCV,,https://openaccess.thecvf.com/content_iccv_2017/html/Prabhakar_DeepFuse_A_Deep_ICCV_2017_paper.html,,exposure,CNN; 无监督,,正式发表,出版平台元数据已核对,https://openaccess.thecvf.com/content_iccv_2017/html/Prabhakar_DeepFuse_A_Deep_ICCV_2017_paper.html,2026-10-09,未定位作者代码,
gff,GFF,Image Fusion With Guided Filtering,2013,TIP,,https://doi.org/10.1109/TIP.2013.2244222,,general,传统方法; 引导滤波,以两尺度分解及保边权重融合建立传统基线。,正式发表,出版平台元数据已核对,https://doi.org/10.1109/TIP.2013.2244222,2026-10-09,未定位作者代码,
